<?xml version="1.0" encoding="UTF-8" ?>
<!DOCTYPE mapper
        PUBLIC "-//mybatis.org//DTD Mapper 3.0//EN"
        "https://mybatis.org/dtd/mybatis-3-mapper.dtd">

<mapper namespace="com.korit.team_ljco.mapper.UserMapper">

    <!-- User ResultMap -->
    <resultMap id="UserResultMap" type="com.korit.team_ljco.entity.User">
        <id property="userId" column="user_id"/>
        <result property="userName" column="user_name"/>
        <result property="userEmail" column="user_email"/>
        <result property="userRole" column="user_role"/>
        <result property="oauth2Provider" column="oauth2Provider"/>
        <result property="oauth2Id" column="oauth2Id"/>
        <result property="createdAt" column="createdAt"/>
        <result property="updatedAt" column="updatedAt"/>
    </resultMap>

    <!-- ID로 사용자 조회 -->
    <select id="selectUserById" parameterType="long" resultMap="UserResultMap">
        SELECT
        user_id, user_name, user_email, user_role,
        oauth2Provider, oauth2Id, createdAt, updatedAt
        FROM user
        WHERE user_id = #{userId}
    </select>

    <!-- OAuth2 ID로 사용자 조회 -->
    <select id="selectUserByOauth2Id" parameterType="string" resultMap="UserResultMap">
        SELECT
        user_id, user_name, user_email, user_role,
        oauth2Provider, oauth2Id, createdAt, updatedAt
        FROM user
        WHERE oauth2Id = #{oauth2Id}
    </select>

    <!-- 이메일로 사용자 조회 -->
    <select id="selectUserByEmail" parameterType="string" resultMap="UserResultMap">
        SELECT
        user_id, user_name, user_email, user_role,
        oauth2Provider, oauth2Id, createdAt, updatedAt
        FROM user
        WHERE user_email = #{email}
    </select>

    <!-- 사용자 등록 -->
    <insert id="insertUser" parameterType="com.korit.team_ljco.entity.User"
            useGeneratedKeys="true" keyProperty="userId">
        INSERT INTO user (
        user_name, user_email, user_role,
        oauth2Provider, oauth2Id
        ) VALUES (
        #{userName}, #{userEmail}, #{userRole},
        #{oauth2Provider}, #{oauth2Id}
        )
    </insert>

    <!-- 사용자 정보 수정 -->
    <update id="updateUser" parameterType="com.korit.team_ljco.entity.User">
        UPDATE user
        SET
        user_name = #{userName},
        user_email = #{userEmail},
        user_role = #{userRole},
        updatedAt = CURRENT_TIMESTAMP
        WHERE user_id = #{userId}
    </update>

    <!-- 사용자 삭제 -->
    <delete id="deleteUser" parameterType="long">
        DELETE FROM user
        WHERE user_id = #{userId}
    </delete>

    <!-- 전체 사용자 수 조회 -->
    <select id="selectTotalUserCount" resultType="int">
        SELECT COUNT(*) FROM user
    </select>

    <!-- 전체 사용자 목록 조회 -->
    <select id="selectAllUsers" resultMap="UserResultMap">
        SELECT
        user_id, user_name, user_email, user_role,
        oauth2Provider, oauth2Id, createdAt, updatedAt
        FROM user
        ORDER BY createdAt DESC
    </select>

    <!-- 사용자 검색 (동적 쿼리) -->
    <select id="searchUsers" parameterType="map" resultMap="UserResultMap">
        SELECT
        user_id, user_name, user_email, user_role,
        oauth2Provider, oauth2Id, createdAt, updatedAt
        FROM user
        <where>
            <if test="keyword != null and keyword != ''">
                (user_name LIKE CONCAT('%', #{keyword}, '%')
                OR user_email LIKE CONCAT('%', #{keyword}, '%')
                OR oauth2Provider LIKE CONCAT('%', #{keyword}, '%'))
            </if>
            <if test="role != null and role != ''">
                AND user_role = #{role}
            </if>
            <if test="provider != null and provider != ''">
                AND oauth2Provider = #{provider}
            </if>
            <if test="startDate != null">
                AND createdAt &gt;= #{startDate}
            </if>
            <if test="endDate != null">
                AND createdAt &lt;= #{endDate}
            </if>
        </where>
        ORDER BY createdAt DESC
    </select>

</mapper>